{
  "pearson": {
    "SP-ECMP": 0.7533330426259653,
    "SP-CONGA": 0.7286675150239136,
    "SP-DRILL": 0.7059066124575528,
    "SP-EMMET": 0.8730712701711468,
    "ECMP-CONGA": 0.7302586047558356,
    "ECMP-DRILL": 0.8545865668701641,
    "ECMP-EMMET": 0.8892902199013933,
    "CONGA-DRILL": 0.7397575197160317,
    "CONGA-EMMET": 0.8327726871312887,
    "DRILL-EMMET": 0.8560358057982317
  },
  "cosine": {
    "SP-ECMP": 0.8476476103495415,
    "SP-CONGA": 0.8255957310437968,
    "SP-DRILL": 0.8243896913396441,
    "SP-EMMET": 0.9140345946152101,
    "ECMP-CONGA": 0.8680922101826926,
    "ECMP-DRILL": 0.9262512783282354,
    "ECMP-EMMET": 0.9440031981236584,
    "CONGA-DRILL": 0.9024647413214327,
    "CONGA-EMMET": 0.9262726092974608,
    "DRILL-EMMET": 0.9373339631585164
  }
}